{"cameraMode":{"drawMode":0,"name":"Shaded","section":"Shading Mode"},"sceneLighting":false,"audioPlay":false,"sceneViewState":{"m_AlwaysRefresh":true,"showFog":true,"showSkybox":false,"showFlares":true,"showImageEffects":true,"showParticleSystems":true,"showVisualEffectGraphs":true,"m_FxEnabled":true},"in2DMode":false,"pivot":{"x":0.7098546028137207,"y":3.8819477558135988,"z":-0.6490933895111084},"rotation":{"x":0.13470833003520966,"y":0.8625044822692871,"z":-0.3055849075317383,"w":0.3802095651626587},"size":7.220399856567383,"orthographic":true}