{"cameraMode":{"drawMode":0,"name":"Shaded","section":"Shading Mode"},"sceneLighting":false,"audioPlay":false,"sceneViewState":{"m_AlwaysRefresh":true,"showFog":true,"showSkybox":false,"showFlares":true,"showImageEffects":true,"showParticleSystems":true,"showVisualEffectGraphs":true,"m_FxEnabled":true},"in2DMode":false,"pivot":{"x":21.16398048400879,"y":9.22815990447998,"z":-23.383941650390626},"rotation":{"x":-0.0005414278712123632,"y":0.9325804114341736,"z":0.0013989212457090617,"w":0.36095887422561648},"size":34.01680374145508,"orthographic":false}