{"cameraMode":{"drawMode":0,"name":"Shaded","section":"Shading Mode"},"sceneLighting":false,"audioPlay":false,"sceneViewState":{"m_AlwaysRefresh":true,"showFog":true,"showSkybox":false,"showFlares":true,"showImageEffects":true,"showParticleSystems":true,"showVisualEffectGraphs":true,"m_FxEnabled":true},"in2DMode":false,"pivot":{"x":0.41302525997161868,"y":1.62698233127594,"z":0.09035968780517578},"rotation":{"x":0.10301090776920319,"y":0.5682453513145447,"z":-0.07197953760623932,"w":0.8132097125053406},"size":2.69401478767395,"orthographic":false}