{"cameraMode":{"drawMode":0,"name":"Shaded","section":"Shading Mode"},"sceneLighting":false,"audioPlay":false,"sceneViewState":{"m_AlwaysRefresh":true,"showFog":true,"showSkybox":false,"showFlares":true,"showImageEffects":true,"showParticleSystems":true,"showVisualEffectGraphs":true,"m_FxEnabled":true},"in2DMode":false,"pivot":{"x":-1.2651443481445313,"y":17.039539337158204,"z":116.35496520996094},"rotation":{"x":0.16431327164173127,"y":-0.16341516375541688,"z":0.027613813057541848,"w":0.9723856449127197},"size":15.247357368469239,"orthographic":false}