{"cameraMode":{"drawMode":0,"name":"Shaded","section":"Shading Mode"},"sceneLighting":false,"audioPlay":false,"sceneViewState":{"m_AlwaysRefresh":true,"showFog":true,"showSkybox":false,"showFlares":true,"showImageEffects":true,"showParticleSystems":true,"showVisualEffectGraphs":true,"m_FxEnabled":true},"in2DMode":false,"pivot":{"x":0.5235185623168945,"y":0.460843563079834,"z":0.5036089420318604},"rotation":{"x":0.13059161603450776,"y":0.8381248712539673,"z":-0.22925326228141786,"w":0.47742852568626406},"size":2.9714560508728029,"orthographic":false}